"entidad","year","corrupcion","camara","federal","estatal","municipal","ejercito","ministerio","policia","contacto","tramites","pib_total","pib_primarias","pib_secundarias","pib_terciarias","pib_salud","pib_educacion","wjp_corrupcion","wjp_edoderecho","year_wjp","escolaridad","year_esc","exportaciones","inversion","irs","year_real","habla_indigena","year_li"
"Aguascalientes",2015,80.9052234,75.30441843,77.55759148,78.02114777,69.89761514,30.852265707,71.71494642,88.18425744,0.017485746670176914,0.04251468626790228,0.15102018751371382,0.00610105337421069,0.06370109725845381,0.08121803688104932,0.00357255147256015,0.0059600150547334,0.412812963201207,0.4429793676165045,2018,9.725974723,2015,8495445,2728521608,-1.036695,2015,0.251004,2015
"Baja California",2015,89.45871961,74.71152249,78.16823889,75.24602894,71.44259361,41.731444350000004,73.51939766000001,89.3721513,0.011041966786544219,0.01903364760220141,0.1542507909182976,0.00448177917259541,0.0592313914793746,0.0905376202663276,0.00294579985439262,0.00579568371230056,0.411437461588211,0.425724344680994,2018,9.757417721,2015,38441997,956251708,-0.8180775,2015,1.454619,2015
"Baja California Sur",2015,83.82772267,80.69116929,81.14056486999999,79.86176614,80.68520626,40.47487396,78.88382935,90.48137909,0.07461384019434923,0.21035228799627276,0.1833080422286171,0.00693640006235701,0.05353711014579462,0.12283453202046546,0.00369259117255055,0.00647196392281775,0.3229957947123459,0.3510551690653406,2018,9.905535231,2015,199662,1103667773,-0.3953554,2015,1.527211,2015
"Campeche",2015,82.72339263,81.04886089,81.88977878,76.65627163,76.35934632,31.216853925000002,73.79657916,89.55458027,0.03828223937411785,0.06826691074298091,0.7085039219673509,0.00545073344511968,0.6161887966966356,0.08686439182559552,0.00276347408856901,0.00638041472068414,0.38326433970534346,0.4277133324550143,2018,9.13845446,2015,11288367,980008423,0.3041175,2015,11.51482,2015
"Coahuila de Zaragoza",2015,83.47291191,66.24145321,74.72234466,76.45323484,72.34085979,30.98579316,69.08484655,87.31090667,0.011009901579978668,0.020190217000272837,0.19084421717714384,0.00462988715411441,0.09730930432855092,0.088905025694478515,0.00293580424479215,0.00537242154173639,0.35285803730841886,0.42674261024692023,2018,9.897388249,2015,36251769,1700945877,-1.064973,2015,0.198435,2015
"Colima",2015,84.94618319,77.08095517000001,79.62637602999999,83.98631501,73.33611268,35.26862081,68.45835443,79.3732567,0.035531384684883933,0.043434383056717596,0.13480504474611066,0.00615066047087109,0.03552167145880054,0.093132712816439,0.00314732964491342,0.00673510583702995,0.3670997394776366,0.3901314141384946,2018,9.528720419,2015,288409,390414309,-0.6576504,2015,0.633929,2015
"Chiapas",2015,94.04910004999999,80.28954663,85.44545262,87.09715809,87.42498066,41.57202618,82.02635588,90.93222555,0.01957507135815083,0.03162937922643615,0.05515847174768126,0.00377669786435483,0.01463550986333986,0.03674626401998655,0.00168911352979009,0.00463162554801656,0.3233370620354194,0.3923608041897381,2018,7.288581208,2015,1165750,4412342772,2.387669,2015,27.935572,2015
"Chihuahua",2015,85.67707317,76.79371882999999,79.43910747000001,82.06663189,77.33162422999999,48.039910309999996,72.43710283,87.34614097,0.013430831403037406,0.02779898939385278,0.14357719367008812,0.00918263474905906,0.05644376132761471,0.07795079759341435,0.00275632392296631,0.00538031543839661,0.3581584918538866,0.385449906557238,2018,9.466590559,2015,40302945,2249222796,-0.5871851,2015,2.674611,2015
"Ciudad de México",2015,95.08142016,92.49766283000001,89.69862033,89.90328518,89.19657243,56.2212046,92.06885324,94.14235986,0.00370180627083049,0.005927876885906384,0.3217742531299289,1.3319578640406796e-4,0.03186284363793501,0.2897782137055898,0.00903513299598044,0.01011983726690566,0.2682717141958817,0.3665220684758194,2018,11.11958711,2015,2452302,4687118531,-1.313332,2015,1.504583,2015
"Durango",2015,86.11722577,77.28970292,77.10783114,75.44809441999999,71.86239832999999,39.3449794,72.69838134,92.1381222,0.027371406612095747,0.04474955928937782,0.10992315788993784,0.01072420635599064,0.03364064307589554,0.06555830845805168,0.00249548825647355,0.006217199675852,0.3237535442613409,0.418236481506409,2018,9.147609659,2015,1752494,2883605320,-0.0325487,2015,2.407331,2015
"Guanajuato",2015,88.17415368,75.82511255,80.44856678,74.87142925,77.05772503,30.07146259,72.55000906000001,92.48314706000001,0.005861751744592471,0.013948045854395727,0.11169901004103916,0.00394361304868717,0.04198411904175785,0.06577127795059413,0.00282940773807642,0.00401874035755645,0.41656359708265456,0.4083260830762374,2018,8.381850681,2015,20787831,5630459467,-0.0584027,2015,0.227985,2015
"Guerrero",2015,92.99907155,79.49883138,84.2703521,85.75867782,83.43936557,47.485964679999995,83.30702948999999,91.19285918,0.022419763048982005,0.032093562473334614,0.0649771459768921,0.00324014682228916,0.01200160899975688,0.04973539015484606,0.00202464529126291,0.00462154910590841,0.2755213677260397,0.29111818782110144,2018,7.802707422,2015,334522,877015971,2.45145,2015,15.318964,2015
"Hidalgo",2015,77.57525559999999,70.03002459,73.25456193000001,74.33130581,69.02653035,26.431991718,71.77740391,85.78594539,0.051335049128445,0.09397515219535658,0.09050474485535231,0.00368810740708217,0.03079070788518867,0.05602592956308147,0.00200122342924734,0.00515611544945893,0.376085892316051,0.42336554473444754,2018,8.715456678,2015,1726505,811413474,0.4495519,2015,14.222953,2015
"Jalisco",2015,92.31943648000001,83.32878577,82.21077049,82.81020146,80.13291674,39.43940017,78.55489271,91.49768531000001,0.0059227717405210345,0.00921640242961295,0.14084242360892463,0.00794286785054615,0.04530281421012309,0.08759674154825535,0.00275771992509716,0.00487904772952377,0.31061267450184327,0.36865220541608146,2018,9.249860796,2015,19737684,2608922907,-0.6917049,2015,0.766556,2015
"Estado de México",2015,89.82484647999999,85.61322902,82.9583854,83.73123783,83.84565329,40.987161889999996,84.30154218,91.40227283,0.002099762645875136,0.010630458581371727,NA,NA,NA,NA,NA,NA,0.2833938384717877,0.35524781178532444,2018,9.528067379,2015,21392725,16661996400,-0.4795274,2015,2.739034,2015
"Michoacán de Ocampo",2015,90.69215227000001,79.04371828000001,78.49108154,80.07831554,74.72091419,35.62603171,78.54192947,90.17649585,0.02960984655548077,0.05287308035608998,0.08420565033566578,0.00933997990171603,0.01543582498395125,0.05942984544999848,0.00190657504431809,0.00576798740792558,0.347145212658906,0.3956345793960175,2018,7.926166956,2015,822901,1281249563,0.6252466,2015,3.558948,2015
"Morelos",2015,90.69808734,82.56447102,83.79869736,89.44693115,85.21818843,34.890052419999996,82.55979123,91.74870066,0.03537018713207334,0.05235458332746529,0.09847216819316625,0.00282827864740775,0.02921816346265464,0.06642572608310383,0.00299644397474329,0.00511133825784177,0.3567399257666781,0.3652746021904162,2018,9.303000614,2015,3402757,1293181688,-0.2088349,2015,1.980698,2015
"Nayarit",2015,85.0277831,77.42061349,81.30571861,82.11151562,72.10019335,32.312006825,68.75507325000001,82.71455695,0.029319360420503694,0.04088711228607496,0.09657762076118707,0.00607923457939968,0.02056721391981711,0.06993117226197028,0.00235235087422209,0.00560041827187671,0.3543336382935922,0.3690897205548055,2018,9.158921469,2015,101253,381071356,0.0126394,2015,5.41305,2015
"Nuevo León",2015,89.34868853,78.32403584,83.11551924,84.33032241000001,79.88135961,30.273708624,74.81439306,89.44263783,0.0038318002731082134,0.00791135204590782,0.23988310449606057,0.00124103917098218,0.0877201996521538,0.15092186567292457,0.00376952200838206,0.00609178330557022,0.38978445267171696,0.4172999765073966,2018,10.27495586,2015,34522156,430824000,-1.360326,2015,1.217869,2015
"Oaxaca",2015,92.19129627999999,90.70244406,89.45042486,88.15287767000001,85.26228927,43.61907973,85.45337542,90.80291204,0.03707213436387031,0.05795612420179657,0.06568049333033257,0.00364080673627714,0.01814678308793416,0.04389290350612127,0.00150327894757136,0.00509805944672343,0.3384747859776521,0.3870106758165891,2018,7.51576302,2015,737200,2112927543,2.539013,2015,32.153007,2015
"Puebla",2015,83.67084014,79.29843075,81.8640599,78.41068733,78.10434173,38.0599942,78.90949019,89.80842725,0.010081487005285664,0.023256952042719284,0.08763403812327127,0.0039026971333384,0.0289231470267794,0.05480819396315346,0.00196773467741242,0.00481583797261189,0.32910071852511463,0.3612127155474737,2018,8.493854344,2015,10141642,3840579057,0.8834226,2015,11.264054,2015
"Querétaro",2015,73.26089233,79.06365314,78.92954344,70.01968121,66.32962424,35.76512577,70.27103489000001,79.87511204,0.02235353790755689,0.049422946720309405,0.17779821887270822,0.00445630287307714,0.07020352418498683,0.10313839181464424,0.00252335687499632,0.00589979503250633,0.4184164310094071,0.42676662663588216,2018,9.553260268,2015,10400468,2358850133,-0.4259123,2015,1.676642,2015
"Quintana Roo",2015,83.30012049,73.06520811,76.19741564,71.75161123000001,70.87953489,25.184009383,73.66189192,88.82543811,0.021635372537607597,0.03006966299491731,0.1625517268018237,0.00131145034304277,0.01773786696786413,0.1435024094909168,0.00332252014901815,0.00498518809080144,0.3081170008684362,0.3637547018589404,2018,9.615036244,2015,31075,2676434498,-0.3961296,2015,16.623827,2015
"San Luis Potosí",2015,90.09658963,79.58236185000001,83.37699746999999,84.16415312000001,81.46934922,31.252109635,82.83116574,91.61504448,0.01682094311808906,0.024183924896572038,0.12118512557858872,0.00467980513794143,0.04667698412698413,0.06982833631366316,0.00246051762074015,0.00579707596529571,0.34177650575891044,0.38628783704334,2018,8.81999521,2015,9806397,1352815538,0.6110144,2015,9.996013,2015
"Sinaloa",2015,89.26879471000001,74.86085076,74.3525326,75.26903511,73.78113411,51.87676389,71.18490682,90.44308217,0.022814082476637864,0.07321973299518172,0.12097420137604796,0.01417482430256199,0.02454929995775912,0.08225007711572685,0.00241730884823321,0.00692780956612585,0.35495394674935576,0.4085441498294905,2018,9.581325259,2015,1245917,2853513093,-0.4578008,2015,1.395216,2015
"Sonora",2015,89.61568203,72.69971635,80.96590745,80.43559173,77.38689528,35.4331118,74.74645774999999,92.48810173,0.014451106598214615,0.03409162228491526,0.1928221725203748,0.0117420467103809,0.08726434307606487,0.09381578273392906,0.003348304933113,0.00590979044531685,0.3254424663988662,0.356703665245391,2018,10.00142937,2015,16895882,873100936,-0.5882048,2015,2.440612,2015
"Tabasco",2015,94.13259020999999,80.42010427,88.37505077,90.25616439000001,90.94435233,39.30228997,87.30431424,92.52648542,0.05178274447610575,0.07024188068130537,0.2347175205989132,0.00320057596799027,0.15936386473018513,0.07215307990073778,0.00347356417141769,0.00553758278809254,0.35548809346602195,0.3753458133713256,2018,9.311768933,2015,6603627,825923048,-0.1544757,2015,2.72302,2015
"Tamaulipas",2015,82.16362997,72.57832883,72.53468466999999,73.01658195,67.1308459,41.742336370000004,67.72442924,81.73426418,0.00719863329324036,0.009220848354951747,0.1431232351008136,0.00466023631358707,0.05487296619285016,0.08359003259437638,0.00339807850659761,0.00596658132119668,0.3860882908303664,0.38114544475533607,2018,9.508512087,2015,26300101,2538477376,-0.5268046,2015,0.738607,2015
"Tlaxcala",2015,84.01123586,79.63447631,79.59591362,78.56504662,77.26887675,27.271194729999998,78.11662368,88.25313137,0.035016511928936705,0.07631218771595948,0.07578178681334048,0.00264960203386581,0.02724660230176918,0.04588558247770549,0.00219711717119182,0.00476520430185246,0.33256758480096266,0.3766838308917142,2018,9.274111563,2015,1307252,1372797313,-0.1736643,2015,2.737685,2015
"Veracruz de Ignacio de la Llave",2015,86.51504406000001,70.55090175999999,75.64016076,76.9790063,73.47028954999999,30.652077857,68.62817866,77.74969952000001,0.004905870456489278,0.007381986753004073,0.09685614135214708,0.00512744583824601,0.03273758536974708,0.05899111014415399,0.00253012811702427,0.00515179713294475,0.31182167834016994,0.36757255229047825,2018,8.203437948,2015,5437056,5513868834,1.199394,2015,9.194051,2015
"Yucatán",2015,75.31783231,75.04562682,77.69314924,62.685294170000006,70.15681628,27.21990055,66.42889733999999,84.15504824,0.02002978873332579,0.03171982523766766,0.10984992954808256,0.00436194165961352,0.02847838497025761,0.0770096029182114,0.00310783077234851,0.00529048267311979,0.3802366616521822,0.45017909822169744,2018,8.821077329,2015,1470940,170922112,0.2944613,2015,28.891132,2015
"Zacatecas",2015,89.12163654,76.67756151,77.01152008,79.96323459999999,75.12794880999999,35.83352989,65.21926327,89.14896723,0.03138745729917083,0.06107967326226131,0.10125661581209326,0.00744066111578644,0.04018811759558108,0.05362783710072574,0.00223222195415552,0.00565263812452943,0.4178001931126368,0.43715923836770815,2018,8.629599032,2015,3325166,1870189190,-0.3303741,2015,0.251678,2015
"Aguascalientes",2017,83.69183837,81.04979369,78.76201238,77.28761164,67.77645437999999,28.511415148999998,68.98108558999999,85.43448164,0.031011762871113097,0.05207588546227349,0.1651034631981861,0.00660864550064607,0.06930625487602701,0.08918856282151304,0.00401227006485115,0.00607540699587975,0.412812963201207,0.4429793676165045,2018,9.725974723,2015,7830019,1152789098,-1.036695,2015,0.251004,2015
"Baja California",2017,88.70597129999999,84.31531198,88.91823074,86.63349515,83.28273723000001,44.71735197,77.67623161,91.22579562,0.009828291954553476,0.013908190483606971,0.16687764245124656,0.00454577433992628,0.06309678427247278,0.0992350838388475,0.00317581397481004,0.00606761393898121,0.411437461588211,0.425724344680994,2018,9.757417721,2015,36315716,1106638647,-0.8180775,2015,1.454619,2015
"Baja California Sur",2017,89.4741533,82.01772628,84.84452367,84.5251535,82.73915627,34.91285403,76.21707269000001,90.80263418,0.07300095349935305,0.1377853983798667,0.2083856556404304,0.00725708363002068,0.06447715893594222,0.13665141307446746,0.00396122629836706,0.00649448828629171,0.3229957947123459,0.3510551690653406,2018,9.905535231,2015,249573,1633871840,-0.3953554,2015,1.527211,2015
"Campeche",2017,83.61346447,81.5046813,81.85240941,73.76985125,76.12004495,32.88060022,71.39572852,89.34764632,0.0474110977097471,0.10333016664863513,0.5976931309178148,0.00590850298522886,0.508422153476211,0.083362474456375,0.0027188684465809,0.00618926339908281,0.38326433970534346,0.4277133324550143,2018,9.13845446,2015,12726092,1315260691,0.3041175,2015,11.51482,2015
"Coahuila de Zaragoza",2017,85.85490372000001,76.41785987,78.91526987,80.20427439,71.43979105,31.865606449999998,71.34044357,89.88917152,0.009047478514306538,0.018023891561361954,0.20363430149429004,0.0044138904164756,0.1041262516857507,0.09509415939206373,0.00310966339133274,0.00567588137053011,0.35285803730841886,0.42674261024692023,2018,9.897388249,2015,38950677,2648149501,-1.064973,2015,0.198435,2015
"Colima",2017,85.04977702,80.18649349,81.83083101,78.25848554999999,73.14417747,36.23279357,68.38612137999999,80.88251608,0.04159374839332247,0.04922992772392885,0.14346795222394848,0.00677219484417949,0.03520145521522423,0.10149430216454478,0.00343516699824952,0.00701379853353673,0.3670997394776366,0.3901314141384946,2018,9.528720419,2015,133681,496086741,-0.6576504,2015,0.633929,2015
"Chiapas",2017,89.83500142,84.80468664,86.20118531,84.11557813,82.94473488999999,37.32673375,72.0113619,88.12812425,0.029202715604508236,0.03820564895179596,0.05319772502696483,0.00364572200199773,0.01154932819819743,0.03800267482676966,0.00197654788087486,0.0049844548811516,0.3233370620354194,0.3923608041897381,2018,7.288581208,2015,606132,4758641934,2.387669,2015,27.935572,2015
"Chihuahua",2017,87.36758876,83.00449932000001,83.45325093,80.21311406,71.91818765,47.43470825,74.1996279,89.5771536,0.011036740061701814,0.028713835170032967,0.15506420026688603,0.00975101319415819,0.06168756927312633,0.08362561779960152,0.00321173888129418,0.00540343515979141,0.3581584918538866,0.385449906557238,2018,9.466590559,2015,46491551,733032509,-0.5871851,2015,2.674611,2015
"Ciudad de México",2017,96.28701493,92.53657204,92.23252393000001,90.83985419000001,88.01807007000001,51.438927539999995,91.55952784,94.08719278,0.004439500335847773,0.007536875426990671,0.3414798018265763,1.2818583703166832e-4,0.03383561867470346,0.30751599731484114,0.00938791328690554,0.01062734832266711,0.2682717141958817,0.3665220684758194,2018,11.11958711,2015,2630544,7793540726,-1.313332,2015,1.504583,2015
"Durango",2017,83.85988873,80.15318352,79.78204636,67.81139513,65.267565630000007,35.79918151,69.74221055,88.17074176,0.03024140555846246,0.0881683285322191,0.11372494948009806,0.01139354804149185,0.03359920421893895,0.06873219721966725,0.00264204612156461,0.00579596798183677,0.3237535442613409,0.418236481506409,2018,9.147609659,2015,1672357,1577572025,-0.0325487,2015,2.407331,2015
"Guanajuato",2017,90.81999628,86.73048542000001,83.55885371,81.23566503,78.77062831,50.02171256,74.29668393,90.20118835,0.0072944509241575865,0.010773370385312384,0.12029694378422316,0.00429198860818593,0.04490444689722375,0.07110050827881347,0.00256052477784476,0.00424018270909037,0.41656359708265456,0.4083260830762374,2018,8.381850681,2015,23360291,3741493231,-0.0584027,2015,0.227985,2015
"Guerrero",2017,92.34168032,83.00029178,85.04398945,83.35164266999999,82.21583674,36.16238246,78.68659583,89.852239,0.024689607422579373,0.039019351835714866,0.06625461423487887,0.00371936610221011,0.01178996482276521,0.05074528330990354,0.00206448055912246,0.00467853401867005,0.2755213677260397,0.29111818782110144,2018,7.802707422,2015,236957,1363910222,2.45145,2015,15.318964,2015
"Hidalgo",2017,81.96761593000001,82.61123563999999,78.47045667,74.85244635000001,72.86943571,35.35570833,73.87485646,84.76875323,0.03988164019504232,0.07477564045087547,0.09450110115629282,0.00365258352782138,0.03037429133289415,0.06047422629557728,0.00205261760331714,0.00538381812781389,0.376085892316051,0.42336554473444754,2018,8.715456678,2015,1788933,270215462,0.4495519,2015,14.222953,2015
"Jalisco",2017,91.69360872,84.56014618,85.78864687000001,82.39189105,77.44029181,36.211164520000004,79.39531018,90.84392133,0.005362098892307242,0.009679526504390981,0.14998617356908944,0.00859231251665109,0.04619828778953782,0.09519557326290054,0.00302840125279961,0.00496933509075403,0.31061267450184327,0.36865220541608146,2018,9.249860796,2015,18687649,2097576485,-0.6917049,2015,0.766556,2015
"Estado de México",2017,93.40755406,91.81771864999999,89.17797313,90.00657805,88.10530603000001,37.56403589,89.62254263,94.55010817,0.0022828299528460353,0.0030328254447639343,NA,NA,NA,NA,NA,NA,0.2833938384717877,0.35524781178532444,2018,9.528067379,2015,18601992,23915792100,-0.4795274,2015,2.739034,2015
"Michoacán de Ocampo",2017,89.95606857,83.06280096,83.42907822000001,82.28135286,75.64990252,32.67062102,79.81058892,87.1373473,0.022981407906753556,0.04137055957153692,0.09049170253230962,0.01164878914055733,0.01489773454778097,0.06394517884397131,0.00205105888989154,0.00584745044739076,0.347145212658906,0.3956345793960175,2018,7.926166956,2015,1272574,1272093967,0.6252466,2015,3.558948,2015
"Morelos",2017,93.10866852999999,86.5239768,85.25530656,88.3406273,82.22715593999999,38.64899945,77.94632672,90.13235749,0.029720074813784917,0.05121361911037664,0.10675350862034098,0.00318202594690334,0.0335751096090946,0.06999637306434305,0.00361384086970817,0.00536296880310072,0.3567399257666781,0.3652746021904162,2018,9.303000614,2015,3490782,1381225179,-0.2088349,2015,1.980698,2015
"Nayarit",2017,93.55995256,85.03207893000001,90.99431204999999,84.69309359,83.55415678,38.01151067,75.47410772,89.3944091,0.048086931016461984,0.0942412051650553,0.10245130519453027,0.00709460310740442,0.01932535794420219,0.07603134414292367,0.00266850683713644,0.00591608907328224,0.3543336382935922,0.3690897205548055,2018,9.158921469,2015,124554,821447392,0.0126394,2015,5.41305,2015
"Nuevo León",2017,89.80283621000001,80.68224589,82.04240057999999,81.31747829,73.99579591,28.814137856,67.62663455,87.13739554,0.005850595843773331,0.00964081559548693,0.25521009398566735,0.00118723102863089,0.08885535083086174,0.16516751212617473,0.00397460496173066,0.00598602735733774,0.38978445267171696,0.4172999765073966,2018,10.27495586,2015,36004726,1217265021,-1.360326,2015,1.217869,2015
"Oaxaca",2017,94.3466431,89.84907328,91.17779502,90.67526971000001,84.8464412,41.942999220000004,83.22068619999999,90.60867506,0.029774533447191585,0.0659196691726123,0.06313649903008879,0.00380366739089727,0.01397597563843141,0.0453568560007601,0.00157756807209072,0.00547543996316429,0.3384747859776521,0.3870106758165891,2018,7.51576302,2015,603681,1260144314,2.539013,2015,32.153007,2015
"Puebla",2017,94.69204554999999,92.78951606,94.29158453,86.30865212,84.91734695,57.36812226,89.14720531,93.02551573,0.008753430485166604,0.012252563925861812,0.0954922103401864,0.00389919568907369,0.0334967479525872,0.05809626669852548,0.00209203335514711,0.0048309175259119,0.32910071852511463,0.3612127155474737,2018,8.493854344,2015,15019152,4093018206,0.8834226,2015,11.264054,2015
"Querétaro",2017,75.17031715,83.82603885,85.16104484,75.58250674,70.60883025999999,40.33328399,74.77046468,81.76535061999999,0.021078247095152144,0.03681875012695624,0.1938359671345564,0.00486127164227138,0.07926600983529992,0.10970868565698508,0.00264653851210672,0.00592440879289943,0.4184164310094071,0.42676662663588216,2018,9.553260268,2015,10478612,2302976497,-0.4259123,2015,1.676642,2015
"Quintana Roo",2017,93.03490195,87.45318547,90.7646363,84.61517967,83.71624808,43.0903322,79.9071413,94.30927649,0.03013024079613221,0.03770250492965094,0.18128570515236803,0.00141015955385125,0.01981578915822323,0.1600597564402935,0.00347968448855258,0.00494800547696332,0.3081170008684362,0.3637547018589404,2018,9.615036244,2015,33172,848919444,-0.3961296,2015,16.623827,2015
"San Luis Potosí",2017,90.1181131,83.22341341,85.37670245000001,82.99473933,79.69045737,32.969291999999996,76.90684873000001,91.79634638,0.024836279516541142,0.04158063867819343,0.13050088085303663,0.00509458352650285,0.05166380113473299,0.07374249619180079,0.0025354460560302,0.00595531455357602,0.34177650575891044,0.38628783704334,2018,8.81999521,2015,13360588,2713485495,0.6110144,2015,9.996013,2015
"Sinaloa",2017,92.20176861,80.50437274000001,81.59389826,79.81835712,76.3600772,46.593634789999996,69.72651104,89.33914153,0.017656693984959553,0.0514436163838943,0.12843777022109207,0.01449569955510546,0.02524358321301032,0.08869848745297626,0.00261031459508259,0.00631486005728982,0.35495394674935576,0.4085441498294905,2018,9.581325259,2015,960133,3449516603,-0.4578008,2015,1.395216,2015
"Sonora",2017,91.54614297,82.18954665,87.55574003999999,75.67017512,78.45143766000001,43.55680363,76.99896964,93.21279804,0.014020861844734193,0.05702813084596259,0.2020771149305519,0.01339383053892005,0.09086204053565727,0.09782124385597456,0.00338025351450533,0.00607390477593822,0.3254424663988662,0.356703665245391,2018,10.00142937,2015,17443597,2134390587,-0.5882048,2015,2.440612,2015
"Tabasco",2017,94.47200779,82.85740870000001,87.00331979,88.90712907,85.57272126,39.056170512,83.68054286,92.57850015,0.06255532214782253,0.11441683755878145,0.2126640986910881,0.00368123244458249,0.13765681308845093,0.07132605315805471,0.00333633424512957,0.0055917636911382,0.35548809346602195,0.3753458133713256,2018,9.311768933,2015,6412526,1218290366,-0.1544757,2015,2.72302,2015
"Tamaulipas",2017,85.98910403,76.4885186,76.84585768,71.9039125,69.24502376,40.53613226,68.3927214,83.56181101,0.008204277329771173,0.012374976942067578,0.1448033575287547,0.00471308784210584,0.05179365475994697,0.08829661492670188,0.00360884017133403,0.00595412032084163,0.3860882908303664,0.38114544475533607,2018,9.508512087,2015,25507316,1558600865,-0.5268046,2015,0.738607,2015
"Tlaxcala",2017,84.40748772,82.88229156,80.32826130999999,77.79777235,72.72103375,38.957639647,76.25382297,83.9474351,0.03227361267260219,0.05999822802363594,0.07509561400545392,0.00254622118762113,0.02538578949394546,0.04716360332388732,0.00214478173731799,0.00492570041803924,0.33256758480096266,0.3766838308917142,2018,9.274111563,2015,1379963,816458573,-0.1736643,2015,2.737685,2015
"Veracruz de Ignacio de la Llave",2017,95.00002022,87.26757681999999,87.36422604,84.09948399,81.61592246000001,46.4876196,77.96630218,87.80678041,0.008004879561732122,0.010789533150091936,0.09566377536901365,0.00516902917163071,0.0298920072160202,0.060602738981362723,0.00254065643102839,0.00518822755733278,0.31182167834016994,0.36757255229047825,2018,8.203437948,2015,5362862,1215971390,1.199394,2015,9.194051,2015
"Yucatán",2017,75.03777035,77.49527551,80.82354719,68.19941718,66.13830861,31.834128004,68.16433556999999,81.5263317,0.019196534062369274,0.029793104063348997,0.1203481464350853,0.00440386901426919,0.03279554829711397,0.08314872912370212,0.00325016319572758,0.00568393863173078,0.3802366616521822,0.45017909822169744,2018,8.821077329,2015,962964,390008189,0.2944613,2015,28.891132,2015
"Zacatecas",2017,90.82738499999999,84.81347597,83.21742481,85.27368479,76.75578472000001,39.10747381,68.48413674,89.13995266,0.05184839248541424,0.06870783402567095,0.09981017775354624,0.00872493761117116,0.03460692789871385,0.05647831224366122,0.0024976339420558,0.00613294440444551,0.4178001931126368,0.43715923836770815,2018,8.629599032,2015,3026697,1129760635,-0.3303741,2015,0.251678,2015
"Aguascalientes",2019,81.89715368,76.00580481,72.26938932,76.91917164,67.51260234,31.441407521,72.04491385,87.1820907,0.027778457051470102,0.04908593669149167,0.15618019061354216,0.00635244145125549,0.06447265270162113,0.08535509646066552,0.00393914101151299,0.00562892718680534,0.4123912449250174,0.4488903568266332,2019,10.349134,2020,11794073,1246757374,-1.101561,2020,0.00187763221629376,2020
"Baja California",2019,88.27943211,76.15149301,67.94849497,81.13512261,76.63771191000001,37.17447445,74.01763653,89.78945388,0.008000030361656758,0.01438204680637736,0.15276756637003783,0.00410508514149566,0.05868958270319606,0.08997289852534611,0.00299138662039469,0.00531554144048055,0.3834984839651051,0.4016752147463326,2019,10.202655,2020,42396951,626236110,-0.6423869999999999,2020,0.013606237212131011,2020
"Baja California Sur",2019,76.18341462000001,66.5173219,65.46664984,67.41789793000001,68.40591729,25.509109428,60.72397659000001,81.49807535,0.047596799240779565,0.07427886234787678,0.1991488326714234,0.00668311735155871,0.05703668746955026,0.1354290278503144,0.00412846438148054,0.00568015535157624,0.3574057693514688,0.3898284351478833,2019,10.342548,2020,291812,288884940,-0.317027,2020,0.01790172439701466,2020
"Campeche",2019,84.29272028,67.6558519,54.38830061,74.67047614,62.92985376,30.54712007,72.0766999,84.3207022,0.051776173934000747,0.0874562419725621,0.5573608071411722,0.00618502676216092,0.4688035466730148,0.08237223370599647,0.00268001417548954,0.00588875149052687,0.3917911902692557,0.42930607750289235,2019,9.62513,2020,16579076,1332993305,0.244535,2020,0.1044941083266555,2020
"Coahuila de Zaragoza",2019,80.74986518,72.11950092000001,65.80417097,73.33326235,67.15779149,28.034513194,72.90003113,86.94375009,0.011775884530441627,0.038443945849285864,0.1920039186200712,0.00445843850728254,0.0949393473500296,0.09260613276275904,0.00308609110736052,0.00557148232267298,0.3509854213407556,0.4267898808465814,2019,10.431996,2020,47659461,2904470705,-1.147587,2020,0.001854546137833,2020
"Colima",2019,84.08479933999999,72.4183224,60.94507541,74.81326457,64.60710397,31.353747993,70.46238,80.44495428,0.02495384093285285,0.03570551136245235,0.14980234512046223,0.00690130176608681,0.03919771093710477,0.10370333241727064,0.00353957048965601,0.00715367703458205,0.4095923028898581,0.40694625084290664,2019,10.04673,2020,684838,265012164,-0.690655,2020,0.00744476087456649,2020
"Chiapas",2019,87.61371204,74.1426141,63.63221529,70.2547073,71.78177514,26.215921537,71.89540729999999,89.7106023,0.024470197105814336,0.041500068823458136,0.04700947540219501,0.00352012057372631,0.00849236971276886,0.03499698511569984,0.00140532624749541,0.0046044359601344,0.2960808094923743,0.37777925607436424,2019,7.783218,2020,820170,1760611690,2.644224,2020,0.2816804321325128,2020
"Chihuahua",2019,89.35373651,74.90601228,70.91303798,78.44479264,73.19735146,43.77325684,70.00854204000001,87.43991509,0.006599265966696917,0.01401773033929187,0.15307516724930775,0.00903257463048546,0.0608750212794729,0.0831675713393494,0.00342267994951186,0.00527266106857295,0.363388169962461,0.3955697404909778,2019,9.996942,2020,57434140,870606130,-0.518357,2020,0.03094939332489328,2020
"Ciudad de México",2019,90.0179869,83.07344339,65.26514999,68.81574247,73.78233279,37.08022115,86.64031815999999,89.29254575,0.004437806647769867,0.010260141318464705,0.340241949245294,1.3414880698514562e-4,0.03196238261600722,0.30814541782230165,0.0092763018971668,0.01028780098988658,0.28003536623392017,0.35871296339780073,2019,11.482039,2020,2667127,5958172471,-1.115345,2020,0.0140099250355445,2020
"Durango",2019,82.52475425,72.06266512,65.48360032,66.82738081,63.469640350000006,26.647406759000003,70.61028729,87.6274903,0.04557014522382166,0.09906348809993898,0.11135466291981556,0.01048402968379123,0.03389467656126374,0.06697595667476058,0.00236424521867241,0.00559529861130057,0.31479732867161997,0.42608710174578635,2019,9.746069,2020,2737229,1627614426,-0.045956,2020,0.0272495186545168,2020
"Guanajuato",2019,80.76218933,70.61359928,65.41335388,65.51791544,61.46145761,33.37170687,65.5124464,81.91236648,0.01171019604058734,0.025006066697171505,0.1139355165792272,0.00431206171494619,0.03965656564510014,0.06996688921918089,0.00258974946059095,0.00414476140007335,0.43278643028214975,0.4248962227596448,2019,9.043787,2020,25065798,2430115568,-0.209212,2020,0.00240508533105105,2020
"Guerrero",2019,87.42153402,68.63673514,59.94054062000001,71.71989121,70.34294394,28.130550762,71.91947515999999,83.04082245000001,0.0294100671800205,0.10139448695933664,0.0679567518714599,0.00356291932210857,0.01241282181272832,0.051981010736623,0.00207604150044412,0.00479607590056726,0.30276256988936967,0.33156534021124245,2019,8.372699,2020,966475,1362324617,2.450336,2020,0.15485847290974844,2020
"Hidalgo",2019,85.39901689,76.73079453,66.20328645,74.92046944,74.83034291999999,32.262370478,75.55963696,87.30093001,0.03671913868990116,0.0609431678308687,0.08860493648553396,0.00320576117937966,0.02771083393532135,0.05768834137083294,0.00191759354439622,0.00496256115706259,0.3950267929952039,0.4212312061806585,2019,9.370759,2020,2299343,2000984218,0.32012599999999997,2020,0.12313809277540096,2020
"Jalisco",2019,85.00219249,76.11771952999999,65.55205049,78.76654964,70.72694342,27.924697009,75.65780112,88.24423473,0.006153006065169038,0.013202208455311894,0.14584664915620238,0.00850452800865724,0.04362882906646034,0.09371329208108478,0.00330530293474567,0.00454778429379152,0.30522466394819864,0.3660700248682199,2019,9.897353,2020,21659641,2872841653,-0.616826,2020,0.00846245176422714,2020
"Estado de México",2019,91.5441376,84.51436905,71.85940483,83.65023578,80.44953813,36.069755361,86.92927412,92.90791268,0.0028106781312490616,0.004581375289202234,NA,NA,NA,NA,NA,NA,0.30362957509709343,0.3639698543462157,2019,10.082398,2020,20010001,14394120500,-0.298102,2020,0.02568274971712893,2020
"Michoacán de Ocampo",2019,90.42758448999999,76.22502939,70.98470908,84.87641962000001,73.6412734,28.099550118,78.19919182999999,90.93395463,0.01456206960259622,0.029952558642678206,0.08949002052288071,0.01167525520937086,0.01398626550534593,0.06382849980816392,0.00237650094359766,0.00596687763721965,0.33862442896505185,0.3868435349712627,2019,8.59549,2020,5586480,1007749067,0.529919,2020,0.0344814617328613,2020
"Morelos",2019,90.31015736,79.4297639,65.34723013,80.75606694999999,75.33992433,30.247028105,79.14137039,90.31911369,0.02663994167030889,0.05214683050431624,0.1019941466482714,0.00331387660282421,0.03128769223746145,0.06739257780798572,0.00328613912108424,0.00511194357652978,0.32536447037111116,0.3576307286230339,2019,9.844782,2020,3086705,1007040284,-0.126541,2020,0.02018791553812634,2020
"Nayarit",2019,87.01955936,68.71930086,63.55258001999999,76.47044529,71.7952145,30.630036789,68.48114993,84.68725984,0.06342169020448739,0.09964385334253485,0.0978955155019685,0.00692262290198922,0.01791303130180273,0.07305986129817654,0.00261311127227517,0.00578517081951927,0.3810894653296038,0.3954534779979379,2019,9.729524,2020,266760,529962464,0.044037,2020,0.05879518769701185,2020
"Nuevo León",2019,84.88470502999999,69.27883474000001,65.81482582000001,77.19099525,65.02684608,28.884652515000003,65.68280892,82.27969144,0.004721800920661401,0.0065682019449976,0.23746332939287831,0.00109939644999465,0.0831597339898991,0.15320419895298457,0.00384227692143857,0.00539707356388049,0.3972140977004137,0.4265768165450884,2019,10.740959,2020,39857053,940757856,-1.254735,2020,0.01415086461065651,2020
"Oaxaca",2019,90.16527998000001,78.70736563,65.8349242,81.35000765999999,79.87790312,23.408095558,75.72905926,84.3583278,0.04288859297648306,0.06684570816550615,0.06113565390203836,0.00369010185501584,0.0133054629214636,0.04414008912555891,0.00148772986833966,0.00499676076461927,0.3634885325752113,0.4007989486603689,2019,8.118536,2020,712575,1306077079,2.590888,2020,0.3118359584407628,2020
"Puebla",2019,89.56479223,81.62761318,68.25563616,75.51955595,78.32094984,34.015674151,80.50820872,91.30635812,0.011706383458988745,0.020057084264839386,0.09058077283079947,0.00370308712468165,0.03152052670417382,0.05535715900194401,0.00192753503649701,0.00465924619923387,0.3150009016409986,0.34540119564882926,2019,9.160472,2020,17547974,1610099448,0.744487,2020,0.09867979614598316,2020
"Querétaro",2019,71.88803582,75.24499449,66.52947947,67.37299865,65.81683445,26.562355837000002,69.12243897,77.56940700999999,0.01715813423823529,0.026070344490053198,0.17022043879015414,0.00414195300166732,0.06831907432106928,0.09775941146741754,0.00248432593741014,0.00516750286155559,0.4534586046217823,0.4270511405698559,2019,10.484599,2020,12868797,1508006969,-0.5244909999999999,2020,0.01392686829850174,2020
"Quintana Roo",2019,89.59445461000001,74.42110599,59.13678341,73.57750545,75.33953407,22.77798594,77.61510655999999,90.07879483,0.0312725385349884,0.05544673295735164,0.15622931993530623,0.00113054357274143,0.01762256853526804,0.13747620782729678,0.00310630064290077,0.00412825561024443,0.3069074654929869,0.35154612322135936,2019,10.239289,2020,80908,737653894,-0.317166,2020,0.11694197664002008,2020
"San Luis Potosí",2019,85.06033649,80.06672208,71.69461579,79.51085112999999,76.07218197,27.954972472,77.4358338,88.89553864,0.01820287367011125,0.04066983930988056,0.13064049952963144,0.00509561361393637,0.05117168895085667,0.0743731969648384,0.00289438835257622,0.00570131933507071,0.3389868090951453,0.382825099547469,2019,9.613127,2020,15531677,1704192057,0.31912599999999997,2020,0.0860270143867627,2020
"Sinaloa",2019,84.8159788,63.571469140000005,62.865581219999996,69.27764103999999,64.83841348,35.08263915,60.83812949,85.64255963,0.01701684929239767,0.030369886614026762,0.13181794041050657,0.01586786635889741,0.02539993319993141,0.09055014085167774,0.00269305467595524,0.00681900121673913,0.3884874610188344,0.4203687947414413,2019,10.223508,2020,2840002,3194864936,-0.567552,2020,0.01231719933525455,2020
"Sonora",2019,85.68633416,64.55303666,54.888643099999996,66.74835202,64.04801002,32.867414260000004,68.33512504000001,88.23841688,0.011897533465674362,0.02293951517154769,0.19711786786378888,0.01375859095910134,0.08648328805639695,0.09687598884829056,0.00356546773339128,0.00591291479333342,0.3428499071039962,0.3799003071457788,2019,10.403197,2020,19840531,889780475,-0.650546,2020,0.02228956346056048,2020
"Tabasco",2019,91.77288565,74.41520329,57.7253185,75.46523125,80.98482766000001,26.921655402,79.31343838999999,88.00712654,0.036724553253079655,0.0780168639853095,0.18650257762638608,0.00358949187504526,0.11077628300697828,0.07213680274436257,0.00343614079425688,0.00488875458982318,0.35925263431439186,0.37477168480797907,2019,9.693396,2020,5012816,762814447,0.076399,2020,0.03986409638680852,2020
"Tamaulipas",2019,81.07025368000001,66.57488799000001,59.62752546,70.82796714,65.57887479,40.4323656,67.25643498,77.01592939,0.006116742117994114,0.01049341514027847,0.14677127306898052,0.00426866048611928,0.05367688049130674,0.08882573209155449,0.00380178216334276,0.00616621146429649,0.378034583341862,0.3850181368151997,2019,10.092209,2020,29130161,3593963165,-0.622628,2020,0.00672710797912639,2020
"Tlaxcala",2019,83.75606166,77.54034629,63.16678195,72.34868521,74.2085172,25.392366106,73.23680307000001,84.62254066,0.029494164995303256,0.04924223582726142,0.0773081080316342,0.00254311131166058,0.02953518116840422,0.04522981555156939,0.00202298699084198,0.00459792907845778,0.31877937818744134,0.3678479414354298,2019,9.83317,2020,1460866,1208380905,-0.040526,2020,0.02159935712224772,2020
"Veracruz de Ignacio de la Llave",2019,87.62085153000001,73.58655299,61.546558590000004,69.48992491999999,67.86777254,35.87139727,77.82690656,84.03147519000001,0.008442312093453768,0.011759524100730905,0.099410585868367915,0.00530644921432707,0.03100138764531795,0.06310274900872288,0.00253647089845569,0.00517759243041215,0.3463557895527476,0.3793600332266149,2019,8.745629,2020,6697248,968887117,1.143246,2020,0.08598649389615289,2020
"Yucatán",2019,70.9248939,63.96319819,54.97931843,51.63435235,57.68534093,25.527095546,61.610468280000006,75.89373687,0.02019602793575173,0.03515654692968695,0.11393894518414854,0.00430276513659798,0.03026647875089728,0.07936970129665327,0.00314996350550519,0.00529773691045448,0.3959041306114529,0.4586627324035771,2019,9.594718,2020,1119624,10120438,0.152467,2020,0.2369622519834778,2020
"Zacatecas",2019,89.57621893999999,83.34730236,79.64562538,83.29465875,78.63362125,41.944488701,71.68985987,89.02519274,0.040614483793368406,0.05729206384538093,0.0935504303579597,0.00778299318553661,0.02974619915198337,0.05602123802043969,0.0024891889592624,0.00606770509044236,0.4363977912520434,0.42985454374657334,2019,9.245563,2020,2873522,618977396,-0.452588,2020,0.00326729758259147,2020
